response__holidays__name,response__holidays__country__name,response__holidays__date__iso
Milad-Un-Nabi (Holy Prophet's Birthday),Sri Lanka,2014-01-14
Tamil Thai Pongal Day,Sri Lanka,2014-01-14
Duruthu Full Moon Poya Day,Sri Lanka,2014-01-15
National Day,Sri Lanka,2014-02-04
Navam Full Moon Poya Day,Sri Lanka,2014-02-14
Valentine's Day,Sri Lanka,2014-02-14
Mahasivarathri Day,Sri Lanka,2014-02-27
Madin Full Moon Poya Day,Sri Lanka,2014-03-16
Adhi Madin Full Moon Poya Day,Sri Lanka,2014-03-16
Holi,Sri Lanka,2014-03-17
March Equinox,Sri Lanka,2014-03-20
Sinhala and Tamil New Year's Eve,Sri Lanka,2014-04-13
Bak Full Moon Poya Day,Sri Lanka,2014-04-14
Sinhala and Tamil New Year's Day,Sri Lanka,2014-04-14
Good Friday,Sri Lanka,2014-04-18
Easter Sunday,Sri Lanka,2014-04-20
May Day,Sri Lanka,2014-05-01
Mother's Day,Sri Lanka,2014-05-11
Vesak Full Moon Poya Day,Sri Lanka,2014-05-14
Day after Vesak Full Moon Poya Day,Sri Lanka,2014-05-15
Poson Full Moon Poya Day,Sri Lanka,2014-06-12
Father's Day,Sri Lanka,2014-06-15
June Solstice,Sri Lanka,2014-06-21
Esala Full Moon Poya Day,Sri Lanka,2014-07-12
Eid al-Fitr,Sri Lanka,2014-07-29
Raksha Bandhan,Sri Lanka,2014-08-10
Nikini Full Moon Poya Day,Sri Lanka,2014-08-10
Janmashtami,Sri Lanka,2014-08-17
Ganesh Chaturthi,Sri Lanka,2014-08-29
Binara Full Moon Poya Day,Sri Lanka,2014-09-08
September Equinox,Sri Lanka,2014-09-23
First Day of Navaratri,Sri Lanka,2014-09-25
Dussehra,Sri Lanka,2014-10-03
Eid al-Adha,Sri Lanka,2014-10-05
Vap Full Moon Poya Day,Sri Lanka,2014-10-08
Deepavali,Sri Lanka,2014-10-22
Il Full Moon Poya Day,Sri Lanka,2014-11-06
Unduvap Full Moon Poya Day,Sri Lanka,2014-12-06
December Solstice,Sri Lanka,2014-12-22
Christmas Eve,Sri Lanka,2014-12-24
Christmas Day,Sri Lanka,2014-12-25
Milad-Un-Nabi (Holy Prophet's Birthday),Sri Lanka,2015-01-03
Duruthu Full Moon Poya Day,Sri Lanka,2015-01-04
Milad-Un-Nabi (Holy Prophet's Birthday),Sri Lanka,2015-01-04
Special Public Holiday,Sri Lanka,2015-01-14
Tamil Thai Pongal Day,Sri Lanka,2015-01-15
Navam Full Moon Poya Day,Sri Lanka,2015-02-03
National Day,Sri Lanka,2015-02-04
Valentine's Day,Sri Lanka,2015-02-14
Mahasivarathri Day,Sri Lanka,2015-02-17
Madin Full Moon Poya Day,Sri Lanka,2015-03-05
Adhi Madin Full Moon Poya Day,Sri Lanka,2015-03-05
Holi,Sri Lanka,2015-03-06
March Equinox,Sri Lanka,2015-03-21
Bak Full Moon Poya Day,Sri Lanka,2015-04-03
Good Friday,Sri Lanka,2015-04-03
Easter Sunday,Sri Lanka,2015-04-05
Sinhala and Tamil New Year's Eve,Sri Lanka,2015-04-13
Sinhala and Tamil New Year's Day,Sri Lanka,2015-04-14
May Day,Sri Lanka,2015-05-01
Vesak Full Moon Poya Day,Sri Lanka,2015-05-03
Day after Vesak Full Moon Poya Day,Sri Lanka,2015-05-04
Mother's Day,Sri Lanka,2015-05-10
Poson Full Moon Poya Day,Sri Lanka,2015-06-02
June Solstice,Sri Lanka,2015-06-21
Father's Day,Sri Lanka,2015-06-21
Esala Full Moon Poya Day,Sri Lanka,2015-07-01
Eid al-Fitr,Sri Lanka,2015-07-18
Raksha Bandhan,Sri Lanka,2015-08-29
Nikini Full Moon Poya Day,Sri Lanka,2015-08-29
Janmashtami,Sri Lanka,2015-09-05
Ganesh Chaturthi,Sri Lanka,2015-09-17
September Equinox,Sri Lanka,2015-09-23
Eid al-Adha,Sri Lanka,2015-09-24
Binara Full Moon Poya Day,Sri Lanka,2015-09-27
First Day of Navaratri,Sri Lanka,2015-10-14
Dussehra,Sri Lanka,2015-10-22
Vap Full Moon Poya Day,Sri Lanka,2015-10-27
Deepavali,Sri Lanka,2015-11-10
Il Full Moon Poya Day,Sri Lanka,2015-11-25
December Solstice,Sri Lanka,2015-12-22
Milad-Un-Nabi (Holy Prophet's Birthday),Sri Lanka,2015-12-24
Milad-Un-Nabi (Holy Prophet's Birthday),Sri Lanka,2015-12-24
Unduvap Full Moon Poya Day,Sri Lanka,2015-12-24
Christmas Eve,Sri Lanka,2015-12-24
Christmas Day,Sri Lanka,2015-12-25
Tamil Thai Pongal Day,Sri Lanka,2016-01-15
Duruthu Full Moon Poya Day,Sri Lanka,2016-01-23
National Day,Sri Lanka,2016-02-04
Valentine's Day,Sri Lanka,2016-02-14
Navam Full Moon Poya Day,Sri Lanka,2016-02-22
Mahasivarathri Day,Sri Lanka,2016-03-07
National Day of Mourning,Sri Lanka,2016-03-13
March Equinox,Sri Lanka,2016-03-20
Madin Full Moon Poya Day,Sri Lanka,2016-03-22
Adhi Madin Full Moon Poya Day,Sri Lanka,2016-03-22
Holi,Sri Lanka,2016-03-24
Good Friday,Sri Lanka,2016-03-25
Easter Sunday,Sri Lanka,2016-03-27
Sinhala and Tamil New Year's Eve,Sri Lanka,2016-04-13
Sinhala and Tamil New Year's Day,Sri Lanka,2016-04-14
Sinhala and Tamil New Year's Day,Sri Lanka,2016-04-15
Bak Full Moon Poya Day,Sri Lanka,2016-04-21
May Day,Sri Lanka,2016-05-01
Mother's Day,Sri Lanka,2016-05-08
Vesak Full Moon Poya Day,Sri Lanka,2016-05-21
Day after Vesak Full Moon Poya Day,Sri Lanka,2016-05-22
Poson Full Moon Poya Day,Sri Lanka,2016-06-19
Father's Day,Sri Lanka,2016-06-19
June Solstice,Sri Lanka,2016-06-21
Eid al-Fitr,Sri Lanka,2016-07-06
Esala Full Moon Poya Day,Sri Lanka,2016-07-19
Nikini Full Moon Poya Day,Sri Lanka,2016-08-17
Raksha Bandhan,Sri Lanka,2016-08-18
Janmashtami,Sri Lanka,2016-08-25
Ganesh Chaturthi,Sri Lanka,2016-09-05
Eid al-Adha,Sri Lanka,2016-09-12
Binara Full Moon Poya Day,Sri Lanka,2016-09-16
September Equinox,Sri Lanka,2016-09-22
First Day of Navaratri,Sri Lanka,2016-10-02
Dussehra,Sri Lanka,2016-10-11
Vap Full Moon Poya Day,Sri Lanka,2016-10-15
Deepavali,Sri Lanka,2016-10-29
Il Full Moon Poya Day,Sri Lanka,2016-11-14
Milad-Un-Nabi (Holy Prophet's Birthday),Sri Lanka,2016-12-12
Unduvap Full Moon Poya Day,Sri Lanka,2016-12-13
December Solstice,Sri Lanka,2016-12-21
Christmas Eve,Sri Lanka,2016-12-24
Christmas Day,Sri Lanka,2016-12-25
Duruthu Full Moon Poya Day,Sri Lanka,2017-01-12
Tamil Thai Pongal Day,Sri Lanka,2017-01-14
National Day,Sri Lanka,2017-02-04
Navam Full Moon Poya Day,Sri Lanka,2017-02-10
Valentine's Day,Sri Lanka,2017-02-14
Mahasivarathri Day,Sri Lanka,2017-02-24
Madin Full Moon Poya Day,Sri Lanka,2017-03-12
Adhi Madin Full Moon Poya Day,Sri Lanka,2017-03-12
Holi,Sri Lanka,2017-03-13
March Equinox,Sri Lanka,2017-03-20
Bak Full Moon Poya Day,Sri Lanka,2017-04-10
Sinhala and Tamil New Year's Eve,Sri Lanka,2017-04-12
Sinhala and Tamil New Year's Day,Sri Lanka,2017-04-13
Good Friday,Sri Lanka,2017-04-14
Easter Sunday,Sri Lanka,2017-04-16
May Day,Sri Lanka,2017-05-01
Vesak Full Moon Poya Day,Sri Lanka,2017-05-10
Day after Vesak Full Moon Poya Day,Sri Lanka,2017-05-11
Mother's Day,Sri Lanka,2017-05-14
Poson Full Moon Poya Day,Sri Lanka,2017-06-08
Father's Day,Sri Lanka,2017-06-18
June Solstice,Sri Lanka,2017-06-21
Eid al-Fitr,Sri Lanka,2017-06-26
Esala Full Moon Poya Day,Sri Lanka,2017-07-08
Raksha Bandhan,Sri Lanka,2017-08-07
Nikini Full Moon Poya Day,Sri Lanka,2017-08-07
Janmashtami,Sri Lanka,2017-08-14
Ganesh Chaturthi,Sri Lanka,2017-08-25
Eid al-Adha,Sri Lanka,2017-09-02
Binara Full Moon Poya Day,Sri Lanka,2017-09-05
First Day of Navaratri,Sri Lanka,2017-09-21
September Equinox,Sri Lanka,2017-09-23
Dussehra,Sri Lanka,2017-09-30
Vap Full Moon Poya Day,Sri Lanka,2017-10-05
Deepavali,Sri Lanka,2017-10-18
Il Full Moon Poya Day,Sri Lanka,2017-11-03
Milad-Un-Nabi (Holy Prophet's Birthday),Sri Lanka,2017-12-01
Unduvap Full Moon Poya Day,Sri Lanka,2017-12-03
December Solstice,Sri Lanka,2017-12-21
Christmas Eve,Sri Lanka,2017-12-24
Christmas Day,Sri Lanka,2017-12-25